,,,,
1,Date,Day,Timings,Course-Section-Session-Faculty-CR
,,,,
2,26/Jun/23,Monday,08:30 AM - 10:00 AM,EC 1 Dr Ram Kumar Dhurkari CR-05
3,,,10:15 AM - 11:45 AM,ESM 1 Dr Vikrant Kaushal CR-02
4,,,,FSA 1 Dr Amrinder Singh CR-05
5,,,12:00 PM - 13:30 PM,PPA A 1 Dr Debalina Bera CR-05
6,,,,CB B 1 Dr Karthikeyan Balakumar CR-02
7,,,14:30 PM - 16:00 PM,CB A 1 Dr Karthikeyan Balakumar CR-02
8,,,,PPA B 1 Dr Debalina Bera CR-05
9,,,16:15 PM - 17:45 PM,BF 1 Dr Kirti Saxena CR-02
10,,,,BFA 1 Dr Pradipta Patra CR-03
11,,,,SHRM 1 Dr Rinki Dahiya CR-05
12,,,18:00 PM - 19:30 PM,BF 2 Dr Kirti Saxena CR-02
13,,,,GLSCM 1 Dr Bhavin Shah CR-05
14,,,19:45 PM - 21:15 PM,QMSS 1 Dr Narpat Ram Sangwa CR-05
15,27/Jun/23,Tuesday,08:30 AM - 10:00 AM,AAOM 1 Dr Neha Sharma CR-02
16,,,,CCW 1 Dr Pragya Bhawsar CR-05
17,,,10:15 AM - 11:45 AM,TMOP 1 Dr Parul Malik CCLab
18,,,,AMR A 1 Mr Suresh Ramadurai CR-02
19,,,,SSRPB B 1 Dr Ashish Goel CR-05
20,,,12:00 PM - 13:30 PM,CBM 1 Dr Balachandran R CR-05
21,,,,ITST 1 Dr Urvashi Rathod CR-02
22,,,,TMOP 2 Dr Parul Malik CCLab
23,,,14:30 PM - 16:00 PM,CBM 2 Dr Balachandran R CR-05
24,,,16:15 PM - 17:45 PM,SSRPB A 1 Dr Ashish Goel CR-05
25,,,,AMR B 1 Mr Suresh Ramadurai CR-02
26,,,18:00 PM - 19:30 PM,BFA 2 Dr Pradipta Patra CR-02
27,,,,SHRM 2 Dr Rinki Dahiya CR-05
28,,,19:45 PM - 21:15 PM,ESM 2 Dr Vikrant Kaushal CR-02
29,,,,FSA 2 Dr Amrinder Singh CR-05
30,28/Jun/23,Wednesday,08:30 AM - 10:00 AM,CBM 3 Dr Balachandran R CR-04
31,,,10:15 AM - 11:45 AM,IMPA A 1 Dr Kirti Saxena CR-02
32,,,12:00 PM - 13:30 PM,IMPA B 1 Dr Kirti Saxena CR-02
33,,,14:30 PM - 16:00 PM,AMR B 2 Mr Suresh Ramadurai CR-02
34,,,16:15 PM - 17:45 PM,AMR A 2 Mr Suresh Ramadurai CR-02
35,,,18:00 PM - 19:30 PM,CBM 4 Dr Balachandran R CR-04
36,,,,ITST 2 Dr Urvashi Rathod CR-05
37,,,19:45 PM - 21:15 PM,BIDM 1 Dr Ram Kumar Dhurkari CR-04
38,29/Jun/23,Thursday,08:30 AM - 10:00 AM,PPA A 2 Dr Debalina Bera CR-05
39,,,,AMR B 3 Mr Suresh Ramadurai CR-02
40,,,10:15 AM - 11:45 AM,PPA B 2 Dr Debalina Bera CR-05
41,,,12:00 PM - 13:30 PM,
42,,,14:30 PM - 16:00 PM,AMR A 3 Mr Suresh Ramadurai CR-02
43,,,16:15 PM - 17:45 PM,
44,,,18:00 PM - 19:30 PM,AAOM 2 Dr Neha Sharma CR-04
45,,,,CCW 2 Dr Pragya Bhawsar CR-05
46,,,19:45 PM - 21:15 PM,DAR 1 Dr Manish Sarkhel CR-05
47,30/Jun/23,Friday,08:30 AM - 10:00 AM,BIDM 2 Dr Ram Kumar Dhurkari CR-04
48,,,10:15 AM - 11:45 AM,STIC D 1 Dr Ajay Singal CR-04
49,,,,STIC E 1 Dr Pragya Bhawsar CR-05
50,,,12:00 PM - 13:30 PM,STIC A 1 Dr Ashish Goel CR-02
51,,,,STIC B 1 Dr Ajay Singal CR-04
52,,,,STIC C 1 Dr Pragya Bhawsar CR-05
53,,,14:30 PM - 16:00 PM,AMOBPR 1 Dr Rinki Dahiya CCLab
54,,,,IMPA A 1 Dr Kirti Saxena CR-03
55,,,,SSRPB B 2 Dr Ashish Goel CR-04
56,,,16:15 PM - 17:45 PM,AMOBPR 2 Dr Rinki Dahiya CCLab
57,,,,SSRPB A 2 Dr Ashish Goel CR-04
58,,,,IMPA B 1 Dr Kirti Saxena CR-03
59,,,18:00 PM - 19:30 PM,CB A 2 Dr Karthikeyan Balakumar CR-04
60,,,,AMR B 4 Mr Suresh Ramadurai CR-02
61,,,19:45 PM - 21:15 PM,AMR A 4 Mr Suresh Ramadurai CR-02
62,,,,CB B 2 Dr Karthikeyan Balakumar CR-04
63,1/Jul/23,Saturday,08:30 AM - 10:00 AM,STIC A 2 Dr Ashish Goel CR-02
64,,,,STIC B 2 Dr Ajay Singal CR-04
65,,,,STIC C 2 Dr Pragya Bhawsar CR-05
66,,,10:15 AM - 11:45 AM,STIC D 2 Dr Ajay Singal CR-04
67,,,,STIC E 2 Dr Pragya Bhawsar CR-05
68,,,12:00 PM - 13:30 PM,EC 2 Dr Ram Kumar Dhurkari CR-04
69,,,14:30 PM - 16:00 PM,GLSCM 2 Dr Bhavin Shah CR-05
70,,,16:15 PM - 17:45 PM,PM B 1 Dr Prafulla Agnihotri CR-04
71,,,18:00 PM - 19:30 PM,SM 1 Dr Prafulla Agnihotri CR-04
72,,,19:45 PM - 21:15 PM,DAR 2 Dr Manish Sarkhel CR-05
73,2/Jul/23,Sunday,08:30 AM - 10:00 AM,
74,,,10:15 AM - 11:45 AM,QMSS 2 Dr Narpat Ram Sangwa CR-05
75,,,12:00 PM - 13:30 PM,TM 1 Dr Parul Malik CR-02
76,,,14:30 PM - 16:00 PM,
77,,,16:15 PM - 17:45 PM,
78,,,18:00 PM - 19:30 PM,
79,3/Jul/23,Monday,08:30 AM - 10:00 AM,ITST 3 Dr Urvashi Rathod CR-05
80,,,10:15 AM - 11:45 AM,ESM 3 Dr Vikrant Kaushal CR-02
81,,,,FSA 3 Dr Amrinder Singh CR-04
82,,,,SAF 3 Dr Sanjay Pareek CCLab
83,,,12:00 PM - 13:30 PM,CB B 3 Dr Karthikeyan Balakumar CR-04
84,,,14:30 PM - 16:00 PM,CB A 3 Dr Karthikeyan Balakumar CR-04
85,,,16:15 PM - 17:45 PM,
86,,,,TM 2 Dr Parul Malik CR-02
87,,,18:00 PM - 19:30 PM,BFA 3 Dr Pradipta Patra CR-04
88,,,,SHRM 3 Dr Rinki Dahiya CR-05
89,,,19:45 PM - 21:15 PM,EC 3 Dr Ram Kumar Dhurkari CR-04
90,4/Jul/23,Tuesday,08:30 AM - 10:00 AM,STIC D 3 Dr Ajay Singal CR-04
91,,,,STIC E 3 Dr Pragya Bhawsar CR-05
92,,,10:15 AM - 11:45 AM,ESM 4 Dr Vikrant Kaushal CR-02
93,,,,FSA 4 Dr Amrinder Singh CR-04
94,,,12:00 PM - 13:30 PM,SSRPB A 3 Dr Ashish Goel CR-04
95,,,,IMPA B 3 Dr Kirti Saxena CR-03
96,,,14:30 PM - 16:00 PM,IMPA A 3 Dr Kirti Saxena CR-03
97,,,,SSRPB B 3 Dr Ashish Goel CR-04
98,,,16:15 PM - 17:45 PM,BFA 4 Dr Pradipta Patra CR-04
99,,,,SHRM 4 Dr Rinki Dahiya CR-05
100,,,18:00 PM - 19:30 PM,QMSS 3 Dr Narpat Ram Sangwa CR-05
101,,,19:45 PM - 21:15 PM,EC 4 Dr Ram Kumar Dhurkari CR-04
102,5/Jul/23,Wednesday,08:30 AM - 10:00 AM,TA 1 Dr Vandana CR-03
103,,,,STIC A 3 Dr Ashish Goel CR-02
104,,,,STIC B 3 Dr Ajay Singal CR-04
105,,,,STIC C 3 Dr Pragya Bhawsar CR-05
106,,,10:15 AM - 11:45 AM,BF 3 Dr Kirti Saxena CR-03
107,,,,PM B 3 Dr Prafulla Agnihotri CR-04
108,,,12:00 PM - 13:30 PM,BF 4 Dr Kirti Saxena CR-03
109,,,,SM 3 Dr Prafulla Agnihotri CR-04
110,,,14:30 PM - 16:00 PM,PM A 3 Dr Prafulla Agnihotri CR-04
111,,,,PPA B 3 Dr Debalina Bera CR-05
112,,,16:15 PM - 17:45 PM,PPA A 3 Dr Debalina Bera CR-05
113,,,,PM C 3 Dr Prafulla Agnihotri CR-04
114,,,18:00 PM - 19:30 PM,TM 3 Dr Parul Malik CR-02
115,,,19:45 PM - 21:15 PM,ITST 4 Dr Urvashi Rathod CR-05
116,6/Jul/23,Thursday,08:30 AM - 10:00 AM,BIDM 3 Dr Ram Kumar Dhurkari CR-04
117,,,,TA 2 Dr Vandana CR-05
118,,,10:15 AM - 11:45 AM,PM B 4 Dr Prafulla Agnihotri CR-04
119,,,12:00 PM - 13:30 PM,SM 4 Dr Prafulla Agnihotri CR-04
120,,,14:30 PM - 16:00 PM,PM A 4 Dr Prafulla Agnihotri CR-04
121,,,,PPA B 4 Dr Debalina Bera CR-05
122,,,16:15 PM - 17:45 PM,PPA A 4 Dr Debalina Bera CR-05
123,,,,PM C 4 Dr Prafulla Agnihotri CR-04
124,,,18:00 PM - 19:30 PM,AAOM 3 Dr Neha Sharma CR-04
125,,,,CCW 3 Dr Pragya Bhawsar CR-05
126,,,19:45 PM - 21:15 PM,GLSCM 3 Dr Bhavin Shah CR-05
127,7/Jul/23,Friday,08:30 AM - 10:00 AM,BIDM 4 Dr Ram Kumar Dhurkari CR-04
128,,,10:15 AM - 11:45 AM,TMOP 3 Dr Parul Malik CCLab
129,,,,IMPA A 4 Dr Kirti Saxena CR-03
130,,,,SSRPB B 4 Dr Ashish Goel CR-04
131,,,12:00 PM - 13:30 PM,TMOP 4 Dr Parul Malik CCLab
132,,,,SSRPB A 4 Dr Ashish Goel CR-04
133,,,,IMPA B 4 Dr Kirti Saxena CR-03
134,,,14:30 PM - 16:00 PM,AMOBPR 3 Dr Rinki Dahiya CCLab
135,,,,CB B 4 Dr Karthikeyan Balakumar CR-04
136,,,16:15 PM - 17:45 PM,AAOM 4 Dr Neha Sharma CR-04
137,,,,AMOBPR 4 Dr Rinki Dahiya CCLab
138,,,,CCW 4 Dr Pragya Bhawsar CR-05
139,,,18:00 PM - 19:30 PM,CB A 4 Dr Karthikeyan Balakumar CR-04
140,,,19:45 PM - 21:15 PM,DAR 3 Dr Manish Sarkhel CR-05
141,8/Jul/23,Saturday,08:30 AM - 10:00 AM,STIC D 4 Dr Ajay Singal CR-04
142,,,,STIC E 4 Dr Pragya Bhawsar CR-05
143,,,10:15 AM - 11:45 AM,TA 3 Dr Vandana CR-03
144,,,,STIC A 4 Dr Ashish Goel CR-02
145,,,,STIC B 4 Dr Ajay Singal CR-04
146,,,,STIC C 4 Dr Pragya Bhawsar CR-05
147,,,12:00 PM - 13:30 PM,GLSCM 4 Dr Bhavin Shah CR-05
148,,,14:30 PM - 16:00 PM,TM 4 Dr Parul Malik CR-02
149,,,16:15 PM - 17:45 PM,DAR 4 Dr Manish Sarkhel CR-05
150,,,18:00 PM - 19:30 PM,BCE 1 Dr Kaustubh Dhargalkar CR-04
151,,,19:45 PM - 21:15 PM,BCE 2 Dr Kaustubh Dhargalkar CR-04
152,,,,TDF 1 Dr Arun Bhatia CR-05
153,9/Jul/23,Sunday,08:30 AM - 10:00 AM,QMSS 4 Dr Narpat Ram Sangwa CR-05
154,,,10:15 AM - 11:45 AM,BCE 3 Dr Kaustubh Dhargalkar CR-04
155,,,,TDF 2 Dr Arun Bhatia CR-05
156,,,12:00 PM - 13:30 PM,BCE 4 Dr Kaustubh Dhargalkar CR-04
157,,,,TDF 3 Dr Arun Bhatia CR-05
158,,,14:30 PM - 16:00 PM,
159,,,16:15 PM - 17:45 PM,
160,,,18:00 PM - 19:30 PM,
161,10/Jul/23,Monday,08:30 AM - 10:00 AM,BFA 5 Dr Pradipta Patra CR-04
162,,,,SHRM 5 Dr Rinki Dahiya CR-05
163,,,10:15 AM - 11:45 AM,ESM 5 Dr Vikrant Kaushal CR-02
164,,,,FSA 5 Dr Amrinder Singh CR-04
165,,,,SAF 4 Dr Sanjay Pareek CCLab
166,,,12:00 PM - 13:30 PM,CB A 5 Dr Karthikeyan Balakumar CR-05
167,,,,SSRPB B 5 Dr Ashish Goel CR-04
168,,,14:30 PM - 16:00 PM,SSRPB A 5 Dr Ashish Goel CR-04
169,,,,CB B 5 Dr Karthikeyan Balakumar CR-05
170,,,16:15 PM - 17:45 PM,TM 5 Dr Parul Malik CR-02
171,,,18:00 PM - 19:30 PM,BIDM 5 Dr Ram Kumar Dhurkari CR-04
172,,,,TDF 4 Dr Arun Bhatia CR-05
173,,,19:45 PM - 21:15 PM,DAR 5 Dr Manish Sarkhel CR-05
174,11/Jul/23,Tuesday,08:30 AM - 10:00 AM,IMPA A 5 Dr Kirti Saxena CR-03
175,,,,AMR B 5 Mr Suresh Ramadurai CR-02
176,,,10:15 AM - 11:45 AM,AMR A 5 Mr Suresh Ramadurai CR-02
177,,,,IMPA B 5 Dr Kirti Saxena CR-03
178,,,12:00 PM - 13:30 PM,CBM 5 Dr Balachandran R CR-04
179,,,,ITST 5 Dr Urvashi Rathod CR-05
180,,,14:30 PM - 16:00 PM,CBM 6 Dr Balachandran R CR-04
181,,,16:15 PM - 17:45 PM,BIDM 6 Dr Ram Kumar Dhurkari CR-04
182,,,,TDF 5 Dr Arun Bhatia CR-05
183,,,18:00 PM - 19:30 PM,AAOM 5 Dr Neha Sharma CR-04
184,,,,CCW 5 Dr Pragya Bhawsar CR-05
185,,,19:45 PM - 21:15 PM,ESM 6 Dr Vikrant Kaushal CR-02
186,,,,FSA 6 Dr Amrinder Singh CR-04
187,12/Jul/23,Wednesday,08:30 AM - 10:00 AM,CBM 7 Dr Balachandran R CR-04
188,,,10:15 AM - 11:45 AM,PM B 5 Dr Prafulla Agnihotri CR-04
189,,,12:00 PM - 13:30 PM,BF 5 Dr Kirti Saxena CR-03
190,,,,SM 5 Dr Prafulla Agnihotri CR-04
191,,,14:30 PM - 16:00 PM,PM A 5 Dr Prafulla Agnihotri CR-04
192,,,,AMR B 6 Mr Suresh Ramadurai CR-02
193,,,16:15 PM - 17:45 PM,AMR A 6 Mr Suresh Ramadurai CR-02
194,,,,PM C 5 Dr Prafulla Agnihotri CR-04
195,,,18:00 PM - 19:30 PM,CBM 8 Dr Balachandran R CR-04
196,,,,ITST 6 Dr Urvashi Rathod CR-05
197,,,19:45 PM - 21:15 PM,BFA 6 Dr Pradipta Patra CR-04
198,,,,SHRM 6 Dr Rinki Dahiya CR-05
199,13/Jul/23,Thursday,08:30 AM - 10:00 AM,CB A 6 Dr Karthikeyan Balakumar CR-04
200,,,,PPA B 5 Dr Debalina Bera CR-05
201,,,10:15 AM - 11:45 AM,PM A 6 Dr Prafulla Agnihotri CR-04
202,,,,CB B 6 Dr Karthikeyan Balakumar CR-05
203,,,12:00 PM - 13:30 PM,BF 6 Dr Kirti Saxena CR-03
204,,,,SM 6 Dr Prafulla Agnihotri CR-04
205,,,14:30 PM - 16:00 PM,PPA A 5 Dr Debalina Bera CR-05
206,,,,PM C 6 Dr Prafulla Agnihotri CR-04
207,,,16:15 PM - 17:45 PM,PM B 6 Dr Prafulla Agnihotri CR-04
208,,,18:00 PM - 19:30 PM,AMR A 7 Mr Suresh Ramadurai CR-02
209,,,,PPA B 6 Dr Debalina Bera CR-05
210,,,19:45 PM - 21:15 PM,PPA A 6 Dr Debalina Bera CR-05
211,,,,AMR B 7 Mr Suresh Ramadurai CR-02
212,14/Jul/23,Friday,08:30 AM - 10:00 AM,EC 5 Dr Ram Kumar Dhurkari CR-04
213,,,10:15 AM - 11:45 AM,TMOP 5 Dr Parul Malik CCLab
214,,,,STIC D 5 Dr Ajay Singal CR-04
215,,,,STIC E 5 Dr Pragya Bhawsar CR-05
216,,,12:00 PM - 13:30 PM,TA 4 Dr Vandana CR-03
217,,,,TMOP 6 Dr Parul Malik CCLab
218,,,,STIC A 5 Dr Ashish Goel CR-02
219,,,,STIC B 5 Dr Ajay Singal CR-04
220,,,,STIC C 5 Dr Pragya Bhawsar CR-05
221,,,14:30 PM - 16:00 PM,AMOBPR 5 Dr Rinki Dahiya CCLab
222,,,,IMPA A 6 Dr Kirti Saxena CR-03
223,,,,SSRPB B 6 Dr Ashish Goel CR-04
224,,,16:15 PM - 17:45 PM,AMOBPR 6 Dr Rinki Dahiya CCLab
225,,,,SSRPB A 6 Dr Ashish Goel CR-04
226,,,,IMPA B 6 Dr Kirti Saxena CR-03
227,,,18:00 PM - 19:30 PM,AAOM 6 Dr Neha Sharma CR-04
228,,,,CCW 6 Dr Pragya Bhawsar CR-05
229,,,19:45 PM - 21:15 PM,GLSCM 5 Dr Bhavin Shah CR-05
230,15/Jul/23,Saturday,08:30 AM - 10:00 AM,EC 6 Dr Ram Kumar Dhurkari CR-04
231,,,10:15 AM - 11:45 AM,TA 5 Dr Vandana CR-03
232,,,,STIC A 6 Dr Ashish Goel CR-02
233,,,,STIC B 6 Dr Ajay Singal CR-04
234,,,,STIC C 6 Dr Pragya Bhawsar CR-05
235,,,12:00 PM - 13:30 PM,STIC D 6 Dr Ajay Singal CR-04
236,,,,STIC E 6 Dr Pragya Bhawsar CR-05
237,,,14:30 PM - 16:00 PM,DAR 6 Dr Manish Sarkhel CR-05
238,,,16:15 PM - 17:45 PM,TM 6 Dr Parul Malik CR-02
239,,,18:00 PM - 19:30 PM,AMR A 8 Mr Suresh Ramadurai CR-02
240,,,,CVR B Dr Vinay Goyal
241,,,19:45 PM - 21:15 PM,CVR A Dr Vinay Goyal
242,,,,AMR B 8 Mr Suresh Ramadurai CR-02
243,16/Jul/23,Sunday,08:30 AM - 10:00 AM,
244,,,10:15 AM - 11:45 AM,GLSCM 6 Dr Bhavin Shah CR-05
245,,,12:00 PM - 13:30 PM,CVR A Dr Vinay Goyal
246,,,14:30 PM - 16:00 PM,CVR B Dr Vinay Goyal
247,,,16:15 PM - 17:45 PM,CVR A Dr Vinay Goyal
248,,,18:00 PM - 19:30 PM,CVR B Dr Vinay Goyal
249,17/Jul/23,Monday,08:30 AM - 10:00 AM,GLSCM 7 Dr Bhavin Shah CR-05
250,,,10:15 AM - 11:45 AM,ESM 7 Dr Vikrant Kaushal CR-02
251,,,,FSA 7 Dr Amrinder Singh CR-04
252,,,,SAF 5 Dr Sanjay Pareek CCLab
253,,,12:00 PM - 13:30 PM,PPA A 7 Dr Debalina Bera CR-05
254,,,,CB B 7 Dr Karthikeyan Balakumar CR-04
255,,,14:30 PM - 16:00 PM,CB A 7 Dr Karthikeyan Balakumar CR-04
256,,,,PPA B 7 Dr Debalina Bera CR-05
257,,,16:15 PM - 17:45 PM,EC 7 Dr Ram Kumar Dhurkari CR-04
258,,,18:00 PM - 19:30 PM,BFA 7 Dr Pradipta Patra CR-04
259,,,,SHRM 7 Dr Rinki Dahiya CR-05
260,,,19:45 PM - 21:15 PM,DAR 7 Dr Manish Sarkhel CR-05
261,18/Jul/23,Tuesday,08:30 AM - 10:00 AM,QMSS 5 Dr Narpat Ram Sangwa CR-05
262,,,10:15 AM - 11:45 AM,ESM 8 Dr Vikrant Kaushal CR-02
263,,,,FSA 8 Dr Amrinder Singh CR-04
264,,,12:00 PM - 13:30 PM,SSRPB A 7 Dr Ashish Goel CR-04
265,,,,IMPA B 7 Dr Kirti Saxena CR-03
266,,,14:30 PM - 16:00 PM,IMPA A 7 Dr Kirti Saxena CR-03
267,,,,SSRPB B 7 Dr Ashish Goel CR-04
268,,,16:15 PM - 17:45 PM,EC 8 Dr Ram Kumar Dhurkari CR-04
269,,,18:00 PM - 19:30 PM,BFA 8 Dr Pradipta Patra CR-04
270,,,,SHRM 8 Dr Rinki Dahiya CR-05
271,,,19:45 PM - 21:15 PM,ITST 7 Dr Urvashi Rathod CR-05
272,19/Jul/23,Wednesday,08:30 AM - 10:00 AM,TA 6 Dr Vandana CR-03
273,,,,STIC A 7 Dr Ashish Goel CR-02
274,,,,STIC B 7 Dr Ajay Singal CR-04
275,,,,STIC C 7 Dr Pragya Bhawsar CR-05
276,,,10:15 AM - 11:45 AM,PM B 7 Dr Prafulla Agnihotri CR-04
277,,,12:00 PM - 13:30 PM,BF 7 Dr Kirti Saxena CR-03
278,,,,SM 7 Dr Prafulla Agnihotri CR-04
279,,,14:30 PM - 16:00 PM,PM A 7 Dr Prafulla Agnihotri CR-04
280,,,,CVR B Dr Vinay Goyal
281,,,16:15 PM - 17:45 PM,CVR A Dr Vinay Goyal
282,,,,PM C 7 Dr Prafulla Agnihotri CR-04
283,,,18:00 PM - 19:30 PM,STIC D 7 Dr Ajay Singal CR-04
284,,,,STIC E 7 Dr Pragya Bhawsar CR-05
285,,,19:45 PM - 21:15 PM,TDF 6 Dr Arun Bhatia CR-05
286,20/Jul/23,Thursday,08:30 AM - 10:00 AM,AAOM 7 Dr Neha Sharma CR-04
287,,,,CCW 7 Dr Pragya Bhawsar CR-05
288,,,10:15 AM - 11:45 AM,PM B 8 Dr Prafulla Agnihotri CR-04
289,,,12:00 PM - 13:30 PM,BF 8 Dr Kirti Saxena CR-03
290,,,,SM 8 Dr Prafulla Agnihotri CR-04
291,,,14:30 PM - 16:00 PM,PM A 8 Dr Prafulla Agnihotri CR-04
292,,,,CVR B Dr Vinay Goyal
293,,,16:15 PM - 17:45 PM,CVR A Dr Vinay Goyal
294,,,,PM C 8 Dr Prafulla Agnihotri CR-04
295,,,18:00 PM - 19:30 PM,GLSCM 8 Dr Bhavin Shah CR-05
296,,,19:45 PM - 21:15 PM,TDF 7 Dr Arun Bhatia CR-05
297,21/Jul/23,Friday,08:30 AM - 10:00 AM,BIDM 7 Dr Ram Kumar Dhurkari CR-04
298,,,10:15 AM - 11:45 AM,TMOP 7 Dr Parul Malik CCLab
299,,,,IMPA A 8 Dr Kirti Saxena CR-03
300,,,,SSRPB B 8 Dr Ashish Goel CR-04
301,,,12:00 PM - 13:30 PM,TMOP 8 Dr Parul Malik CCLab
302,,,,SSRPB A 8 Dr Ashish Goel CR-04
303,,,,IMPA B 8 Dr Kirti Saxena CR-03
304,,,14:30 PM - 16:00 PM,AMOBPR 7 Dr Rinki Dahiya CCLab
305,,,,PPA A 8 Dr Debalina Bera CR-05
306,,,,CB B 8 Dr Karthikeyan Balakumar CR-04
307,,,16:15 PM - 17:45 PM,AAOM 8 Dr Neha Sharma CR-04
308,,,,AMOBPR 8 Dr Rinki Dahiya CCLab
309,,,,CCW 8 Dr Pragya Bhawsar CR-05
310,,,18:00 PM - 19:30 PM,CB A 8 Dr Karthikeyan Balakumar CR-04
311,,,,PPA B 8 Dr Debalina Bera CR-05
312,,,19:45 PM - 21:15 PM,ITST 8 Dr Urvashi Rathod CR-05
313,22/Jul/23,Saturday,08:30 AM - 10:00 AM,QMSS 6 Dr Narpat Ram Sangwa CR-05
314,,,10:15 AM - 11:45 AM,TA 7 Dr Vandana CR-03
315,,,,STIC A 8 Dr Ashish Goel CR-02
316,,,,STIC B 8 Dr Ajay Singal CR-04
317,,,,STIC C 8 Dr Pragya Bhawsar CR-05
318,,,12:00 PM - 13:30 PM,STIC D 8 Dr Ajay Singal CR-04
319,,,,STIC E 8 Dr Pragya Bhawsar CR-05
320,,,14:30 PM - 16:00 PM,TM 7 Dr Parul Malik CR-02
321,,,16:15 PM - 17:45 PM,GLSCM 9 Dr Bhavin Shah CR-05
322,,,18:00 PM - 19:30 PM,BCE 5 Dr Kaustubh Dhargalkar CR-04
323,,,,TDF 8 Dr Arun Bhatia CR-05
324,,,19:45 PM - 21:15 PM,BCE 6 Dr Kaustubh Dhargalkar CR-04
325,,,,TDF 9 Dr Arun Bhatia CR-05
326,23/Jul/23,Sunday,08:30 AM - 10:00 AM,CVR A Dr Vinay Goyal
327,,,10:15 AM - 11:45 AM,BCE 7 Dr Kaustubh Dhargalkar CR-04
328,,,12:00 PM - 13:30 PM,BCE 8 Dr Kaustubh Dhargalkar CR-04
329,,,,TDF 10 Dr Arun Bhatia CR-05
330,,,14:30 PM - 16:00 PM,QMSS 7 Dr Narpat Ram Sangwa CR-05
331,,,16:15 PM - 17:45 PM,BIDM 8 Dr Ram Kumar Dhurkari CR-04
332,,,18:00 PM - 19:30 PM,TM 8 Dr Parul Malik CR-02
333,,,19:45 PM - 21:15 PM,CVR B Dr Vinay Goyal
334,24/Jul/23,Monday,08:30 AM - 10:00 AM,EC 9 Dr Ram Kumar Dhurkari CR-04
335,,,10:15 AM - 11:45 AM,ESM 9 Dr Vikrant Kaushal CR-02
336,,,,FSA 9 Dr Amrinder Singh CR-04
337,,,,SAF 6 Dr Sanjay Pareek CCLab
338,,,12:00 PM - 13:30 PM,PPA A 9 Dr Debalina Bera CR-05
339,,,,CB B 9 Dr Karthikeyan Balakumar CR-04
340,,,14:30 PM - 16:00 PM,CB A 9 Dr Karthikeyan Balakumar CR-04
341,,,,PPA B 9 Dr Debalina Bera CR-05
342,,,16:15 PM - 17:45 PM,BFA 9 Dr Pradipta Patra CR-04
343,,,,SHRM 9 Dr Rinki Dahiya CR-05
344,,,18:00 PM - 19:30 PM,TM 9 Dr Parul Malik CR-02
345,,,19:45 PM - 21:15 PM,AMR A 9 Mr Suresh Ramadurai CR-02
346,,,,CVR B Dr Vinay Goyal
347,25/Jul/23,Tuesday,08:30 AM - 10:00 AM,IMPA A 9 Dr Kirti Saxena CR-03
348,,,,SSRPB B 9 Dr Ashish Goel CR-04
349,,,10:15 AM - 11:45 AM,SSRPB A 9 Dr Ashish Goel CR-04
350,,,,IMPA B 9 Dr Kirti Saxena CR-03
351,,,12:00 PM - 13:30 PM,CBM 9 Dr Balachandran R CR-04
352,,,,ITST 9 Dr Urvashi Rathod CR-05
353,,,14:30 PM - 16:00 PM,CBM 10 Dr Balachandran R CR-04
354,,,16:15 PM - 17:45 PM,EC 10 Dr Ram Kumar Dhurkari CR-04
355,,,18:00 PM - 19:30 PM,ESM 10 Dr Vikrant Kaushal CR-02
356,,,,FSA 10 Dr Amrinder Singh CR-04
357,,,19:45 PM - 21:15 PM,CVR A Dr Vinay Goyal
358,,,,AMR B 9 Mr Suresh Ramadurai CR-02
359,26/Jul/23,Wednesday,08:30 AM - 10:00 AM,CBM 11 Dr Balachandran R CR-04
360,,,10:15 AM - 11:45 AM,PM B 9 Dr Prafulla Agnihotri CR-04
361,,,12:00 PM - 13:30 PM,BF 9 Dr Kirti Saxena CR-03
362,,,,SM 9 Dr Prafulla Agnihotri CR-04
363,,,14:30 PM - 16:00 PM,PM A 9 Dr Prafulla Agnihotri CR-04
364,,,,AMR B 10 Mr Suresh Ramadurai CR-02
365,,,16:15 PM - 17:45 PM,AMR A 10 Mr Suresh Ramadurai CR-02
366,,,,PM C 9 Dr Prafulla Agnihotri CR-04
367,,,18:00 PM - 19:30 PM,CBM 12 Dr Balachandran R CR-04
368,,,,ITST 10 Dr Urvashi Rathod CR-05
369,,,19:45 PM - 21:15 PM,TM 10 Dr Parul Malik CR-02
370,27/Jul/23,Thursday,08:30 AM - 10:00 AM,BIDM 9 Dr Ram Kumar Dhurkari CR-04
371,,,,TA 8 Dr Vandana CR-05
372,,,10:15 AM - 11:45 AM,PM B 10 Dr Prafulla Agnihotri CR-04
373,,,12:00 PM - 13:30 PM,BF 10 Dr Kirti Saxena CR-03
374,,,,SM 10 Dr Prafulla Agnihotri CR-04
375,,,14:30 PM - 16:00 PM,PM A 10 Dr Prafulla Agnihotri CR-04
376,,,,AMR B 11 Mr Suresh Ramadurai CR-02
377,,,16:15 PM - 17:45 PM,AMR A 11 Mr Suresh Ramadurai CR-02
378,,,,PM C 10 Dr Prafulla Agnihotri CR-04
379,,,18:00 PM - 19:30 PM,AAOM 9 Dr Neha Sharma CR-04
380,,,,CCW 9 Dr Pragya Bhawsar CR-05
381,,,19:45 PM - 21:15 PM,DAR 8 Dr Manish Sarkhel CR-05
382,28/Jul/23,Friday,08:30 AM - 10:00 AM,BIDM 10 Dr Ram Kumar Dhurkari CR-04
383,,,10:15 AM - 11:45 AM,TA 9 Dr Vandana CR-03
384,,,,TMOP 9 Dr Parul Malik CCLab
385,,,,STIC A 9 Dr Ashish Goel CR-02
386,,,,STIC B 9 Dr Ajay Singal CR-04
387,,,,STIC C 9 Dr Pragya Bhawsar CR-05
388,,,12:00 PM - 13:30 PM,TMOP 10 Dr Parul Malik CCLab
389,,,,STIC D 9 Dr Ajay Singal CR-04
390,,,,STIC E 9 Dr Pragya Bhawsar CR-05
391,,,14:30 PM - 16:00 PM,AMOBPR 9 Dr Rinki Dahiya CCLab
392,,,,IMPA A 10 Dr Kirti Saxena CR-03
393,,,,SSRPB B 10 Dr Ashish Goel CR-04
394,,,16:15 PM - 17:45 PM,AMOBPR 10 Dr Rinki Dahiya CCLab
395,,,,SSRPB A 10 Dr Ashish Goel CR-04
396,,,,IMPA B 10 Dr Kirti Saxena CR-03
397,,,18:00 PM - 19:30 PM,AAOM 10 Dr Neha Sharma CR-04
398,,,,CCW 10 Dr Pragya Bhawsar CR-05
399,,,19:45 PM - 21:15 PM,AMR A 12 Mr Suresh Ramadurai CR-02
400,29/Jul/23,Saturday,08:30 AM - 10:00 AM,TA 10 Dr Vandana CR-03
401,,,,STIC A 10 Dr Ashish Goel CR-02
402,,,,STIC B 10 Dr Ajay Singal CR-04
403,,,,STIC C 10 Dr Pragya Bhawsar CR-05
404,,,10:15 AM - 11:45 AM,STIC D 10 Dr Ajay Singal CR-04
405,,,,STIC E 10 Dr Pragya Bhawsar CR-05
406,,,12:00 PM - 13:30 PM,BFA 10 Dr Pradipta Patra CR-04
407,,,,SHRM 10 Dr Rinki Dahiya CR-05
408,,,14:30 PM - 16:00 PM,DAR 9 Dr Manish Sarkhel CR-05
409,,,16:15 PM - 17:45 PM,PPA A 10 Dr Debalina Bera CR-05
410,,,,CB B 10 Dr Karthikeyan Balakumar CR-04
411,,,18:00 PM - 19:30 PM,CB A 10 Dr Karthikeyan Balakumar CR-04
412,,,,PPA B 10 Dr Debalina Bera CR-05
413,,,19:45 PM - 21:15 PM,AMR B 12 Mr Suresh Ramadurai CR-02
414,7/Aug/23,Monday,08:30 AM - 10:00 AM,ITST 11 Dr Urvashi Rathod CR-05
415,,,10:15 AM - 11:45 AM,ESM 11 Dr Vikrant Kaushal CR-02
416,,,,FSA 11 Dr Amrinder Singh CR-04
417,,,,SAF 7 Dr Sanjay Pareek CCLab
418,,,12:00 PM - 13:30 PM,QMSS 8 Dr Narpat Ram Sangwa CR-05
419,,,14:30 PM - 16:00 PM,GLSCM 10 Dr Bhavin Shah CR-05
420,,,16:15 PM - 17:45 PM,EC 11 Dr Ram Kumar Dhurkari CR-04
421,,,18:00 PM - 19:30 PM,BFA 11 Dr Pradipta Patra CR-04
422,,,,SHRM 11 Dr Rinki Dahiya CR-05
423,,,19:45 PM - 21:15 PM,TA 11 Dr Vandana CR-03
424,8/Aug/23,Tuesday,08:30 AM - 10:00 AM,QMSS 9 Dr Narpat Ram Sangwa CR-05
425,,,10:15 AM - 11:45 AM,ESM 12 Dr Vikrant Kaushal CR-02
426,,,,FSA 12 Dr Amrinder Singh CR-04
427,,,,TMOP 11 Dr Parul Malik CCLab
428,,,12:00 PM - 13:30 PM,TMOP 12 Dr Parul Malik CCLab
429,,,,SSRPB A 11 Dr Ashish Goel CR-04
430,,,,IMPA B 11 Dr Kirti Saxena CR-03
431,,,14:30 PM - 16:00 PM,IMPA A 11 Dr Kirti Saxena CR-03
432,,,,SSRPB B 11 Dr Ashish Goel CR-04
433,,,16:15 PM - 17:45 PM,EC 12 Dr Ram Kumar Dhurkari CR-04
434,,,18:00 PM - 19:30 PM,BFA 12 Dr Pradipta Patra CR-04
435,,,,SHRM 12 Dr Rinki Dahiya CR-05
436,,,19:45 PM - 21:15 PM,PM B 11 Dr Siddhesh Joglekar CR-04
437,9/Aug/23,Wednesday,08:30 AM - 10:00 AM,DAR 10 Dr Manish Sarkhel CR-05
438,,,10:15 AM - 11:45 AM,QMSS 10 Dr Narpat Ram Sangwa CR-05
439,,,12:00 PM - 13:30 PM,BF 11 Dr Kirti Saxena CR-03
440,,,,SM 11 Dr Prafulla Agnihotri CR-04
441,,,14:30 PM - 16:00 PM,PPA A 11 Dr Debalina Bera CR-05
442,,,,CB B 11 Dr Karthikeyan Balakumar CR-04
443,,,16:15 PM - 17:45 PM,CB A 11 Dr Karthikeyan Balakumar CR-04
444,,,,PPA B 11 Dr Debalina Bera CR-05
445,,,18:00 PM - 19:30 PM,AMR A 13 Mr Suresh Ramadurai CR-02
446,,,,PM C 11 Dr Siddhesh Joglekar CR-04
447,,,19:45 PM - 21:15 PM,PM A 11 Dr Siddhesh Joglekar CR-04
448,,,,AMR B 13 Mr Suresh Ramadurai CR-02
449,10/Aug/23,Thursday,08:30 AM - 10:00 AM,BIDM 11 Dr Ram Kumar Dhurkari CR-04
450,,,,ProjectM 1 Dr Mohita Sharma CR-05
451,,,10:15 AM - 11:45 AM,SAF 8 Dr Sanjay Pareek CCLab
452,,,,TM 11 Dr Parul Malik CR-02
453,,,12:00 PM - 13:30 PM,BF 12 Dr Kirti Saxena CR-03
454,,,,SM 12 Dr Prafulla Agnihotri CR-04
455,,,14:30 PM - 16:00 PM,AAOM 11 Dr Neha Sharma CR-04
456,,,,AMOBPR 11 Dr Rinki Dahiya CCLab
457,,,,CCW 11 Dr Pragya Bhawsar CR-05
458,,,16:15 PM - 17:45 PM,AMOBPR 12 Dr Rinki Dahiya CCLab
459,,,,PM A 12 Dr Siddhesh Joglekar CR-04
460,,,,AMR B 14 Mr Suresh Ramadurai CR-02
461,,,18:00 PM - 19:30 PM,AMR A 14 Mr Suresh Ramadurai CR-02
462,,,,PM C 12 Dr Siddhesh Joglekar CR-04
463,,,19:45 PM - 21:15 PM,PM B 12 Dr Siddhesh Joglekar CR-04
464,11/Aug/23,Friday,08:30 AM - 10:00 AM,BIDM 12 Dr Ram Kumar Dhurkari CR-04
465,,,,ProjectM 2 Dr Mohita Sharma CR-05
466,,,10:15 AM - 11:45 AM,IMPA A 12 Dr Kirti Saxena CR-03
467,,,,SSRPB B 12 Dr Ashish Goel CR-04
468,,,12:00 PM - 13:30 PM,SSRPB A 12 Dr Ashish Goel CR-04
469,,,,IMPA B 12 Dr Kirti Saxena CR-03
470,,,14:30 PM - 16:00 PM,TM 12 Dr Parul Malik CR-02
471,,,16:15 PM - 17:45 PM,AAOM 12 Dr Neha Sharma CR-04
472,,,,CCW 12 Dr Pragya Bhawsar CR-05
473,,,18:00 PM - 19:30 PM,TA 12 Dr Vandana CR-03
474,,,19:45 PM - 21:15 PM,GLSCM 11 Dr Bhavin Shah CR-05
475,12/Aug/23,Saturday,08:30 AM - 10:00 AM,QMSS 11 Dr Narpat Ram Sangwa CR-05
476,,,10:15 AM - 11:45 AM,PPA A 12 Dr Debalina Bera CR-05
477,,,,CB B 12 Dr Karthikeyan Balakumar CR-04
478,,,12:00 PM - 13:30 PM,CB A 12 Dr Karthikeyan Balakumar CR-04
479,,,,PPA B 12 Dr Debalina Bera CR-05
480,,,14:30 PM - 16:00 PM,DAR 11 Dr Manish Sarkhel CR-05
481,,,16:15 PM - 17:45 PM,AMR A 15 Mr Suresh Ramadurai CR-02
482,,,,PM C 13 Dr Siddhesh Joglekar CR-04
483,,,18:00 PM - 19:30 PM,PM A 13 Dr Siddhesh Joglekar CR-04
484,,,,AMR B 15 Mr Suresh Ramadurai CR-02
485,,,19:45 PM - 21:15 PM,PM B 13 Dr Siddhesh Joglekar CR-04
486,13/Aug/23,Sunday,08:30 AM - 10:00 AM,ITST 12 Dr Urvashi Rathod CR-05
487,,,10:15 AM - 11:45 AM,AMR A 16 Mr Suresh Ramadurai CR-02
488,,,12:00 PM - 13:30 PM,AMR B 16 Mr Suresh Ramadurai CR-02
489,,,14:30 PM - 16:00 PM,
490,,,16:15 PM - 17:45 PM,
491,,,18:00 PM - 19:30 PM,
492,14/Aug/23,Monday,08:30 AM - 10:00 AM,EC 13 Dr Ram Kumar Dhurkari CR-04
493,,,10:15 AM - 11:45 AM,ESM 13 Dr Vikrant Kaushal CR-02
494,,,,FSA 13 Dr Amrinder Singh CR-04
495,,,,SAF 9 Dr Sanjay Pareek CCLab
496,,,12:00 PM - 13:30 PM,IMPA A 13 Dr Kirti Saxena CR-03
497,,,,SSRPB B 13 Dr Ashish Goel CR-04
498,,,14:30 PM - 16:00 PM,SSRPB A 13 Dr Ashish Goel CR-04
499,,,,IMPA B 13 Dr Kirti Saxena CR-03
500,,,16:15 PM - 17:45 PM,BFA 13 Dr Pradipta Patra CR-04
501,,,,SHRM 13 Dr Rinki Dahiya CR-05
502,,,18:00 PM - 19:30 PM,QMSS 12 Dr Narpat Ram Sangwa CR-05
503,,,19:45 PM - 21:15 PM,ITST 13 Dr Urvashi Rathod CR-05
504,16/Aug/23,Wednesday,08:30 AM - 10:00 AM,
505,,,10:15 AM - 11:45 AM,DAR 12 Dr Manish Sarkhel CR-05
506,,,12:00 PM - 13:30 PM,SAF 10 Dr Sanjay Pareek CCLab
507,,,,SM 13 Dr Prafulla Agnihotri CR-04
508,,,14:30 PM - 16:00 PM,BF 13 Dr Kirti Saxena CR-03
509,,,,TM 13 Dr Parul Malik CR-02
510,,,16:15 PM - 17:45 PM,PPA A 13 Dr Debalina Bera CR-05
511,,,,CB B 13 Dr Karthikeyan Balakumar CR-04
512,,,18:00 PM - 19:30 PM,CB A 13 Dr Karthikeyan Balakumar CR-04
513,,,,PPA B 13 Dr Debalina Bera CR-05
514,,,19:45 PM - 21:15 PM,
515,17/Aug/23,Thursday,08:30 AM - 10:00 AM,BIDM 13 Dr Ram Kumar Dhurkari CR-04
516,,,,ProjectM 3 Dr Mohita Sharma CR-05
517,,,10:15 AM - 11:45 AM,GLSCM 12 Dr Bhavin Shah CR-05
518,,,,SAF 11 Dr Sanjay Pareek CCLab
519,,,12:00 PM - 13:30 PM,BF 14 Dr Kirti Saxena CR-03
520,,,,SM 14 Dr Prafulla Agnihotri CR-04
521,,,14:30 PM - 16:00 PM,AAOM 13 Dr Neha Sharma CR-04
522,,,,AMOBPR 13 Dr Rinki Dahiya CCLab
523,,,,CCW 13 Dr Pragya Bhawsar CR-05
524,,,16:15 PM - 17:45 PM,AMOBPR 14 Dr Rinki Dahiya CCLab
525,,,,PPA A 14 Dr Debalina Bera CR-05
526,,,,CB B 14 Dr Karthikeyan Balakumar CR-04
527,,,18:00 PM - 19:30 PM,CB A 14 Dr Karthikeyan Balakumar CR-04
528,,,,PPA B 14 Dr Debalina Bera CR-05
529,,,19:45 PM - 21:15 PM,
530,18/Aug/23,Friday,08:30 AM - 10:00 AM,ESM 14 Dr Vikrant Kaushal CR-02
531,,,,FSA 14 Dr Amrinder Singh CR-04
532,,,10:15 AM - 11:45 AM,TMOP 13 Dr Parul Malik CCLab
533,,,,IMPA A 14 Dr Kirti Saxena CR-03
534,,,,SSRPB B 14 Dr Ashish Goel CR-04
535,,,12:00 PM - 13:30 PM,TMOP 14 Dr Parul Malik CCLab
536,,,,SSRPB A 14 Dr Ashish Goel CR-04
537,,,,IMPA B 14 Dr Kirti Saxena CR-03
538,,,14:30 PM - 16:00 PM,BIDM 14 Dr Ram Kumar Dhurkari CR-04
539,,,,ProjectM 4 Dr Mohita Sharma CR-05
540,,,16:15 PM - 17:45 PM,AAOM 14 Dr Neha Sharma CR-04
541,,,,CCW 14 Dr Pragya Bhawsar CR-05
542,,,18:00 PM - 19:30 PM,QMSS 13 Dr Narpat Ram Sangwa CR-05
543,,,19:45 PM - 21:15 PM,ITST 14 Dr Urvashi Rathod CR-05
544,19/Aug/23,Saturday,08:30 AM - 10:00 AM,QMSS 14 Dr Narpat Ram Sangwa CR-05
545,,,10:15 AM - 11:45 AM,EC 14 Dr Ram Kumar Dhurkari CR-04
546,,,12:00 PM - 13:30 PM,DAR 13 Dr Manish Sarkhel CR-05
547,,,14:30 PM - 16:00 PM,TM 14 Dr Parul Malik CR-02
548,,,16:15 PM - 17:45 PM,BFA 14 Dr Pradipta Patra CR-04
549,,,,SHRM 14 Dr Rinki Dahiya CR-05
550,,,18:00 PM - 19:30 PM,BCE 9 Dr Kaustubh Dhargalkar CR-04
551,,,,TA 13 Dr Vandana CR-03
552,,,19:45 PM - 21:15 PM,BCE 10 Dr Kaustubh Dhargalkar CR-04
553,20/Aug/23,Sunday,08:30 AM - 10:00 AM,
554,,,10:15 AM - 11:45 AM,BCE 11 Dr Kaustubh Dhargalkar CR-04
555,,,,TA 14 Dr Vandana CR-03
556,,,12:00 PM - 13:30 PM,BCE 12 Dr Kaustubh Dhargalkar CR-04
557,,,14:30 PM - 16:00 PM,
558,,,16:15 PM - 17:45 PM,
559,,,18:00 PM - 19:30 PM,
560,21/Aug/23,Monday,08:30 AM - 10:00 AM,
561,,,10:15 AM - 11:45 AM,ESM 15 Dr Vikrant Kaushal CR-02
562,,,,FSA 15 Dr Amrinder Singh CR-04
563,,,,SAF 12 Dr Sanjay Pareek CCLab
564,,,12:00 PM - 13:30 PM,PPA A 15 Dr Debalina Bera CR-05
565,,,,CB B 15 Dr Karthikeyan Balakumar CR-04
566,,,14:30 PM - 16:00 PM,CB A 15 Dr Karthikeyan Balakumar CR-04
567,,,,PPA B 15 Dr Debalina Bera CR-05
568,,,16:15 PM - 17:45 PM,EC 15 Dr Ram Kumar Dhurkari CR-04
569,,,18:00 PM - 19:30 PM,BFA 15 Dr Pradipta Patra CR-04
570,,,,SHRM 15 Dr Rinki Dahiya CR-05
571,,,19:45 PM - 21:15 PM,ITST 15 Dr Urvashi Rathod CR-05
572,22/Aug/23,Tuesday,08:30 AM - 10:00 AM,GLSCM 13 Dr Bhavin Shah CR-05
573,,,10:15 AM - 11:45 AM,ESM 16 Dr Vikrant Kaushal CR-02
574,,,,FSA 16 Dr Amrinder Singh CR-04
575,,,12:00 PM - 13:30 PM,SSRPB A 15 Dr Ashish Goel CR-04
576,,,,IMPA B 15 Dr Kirti Saxena CR-03
577,,,14:30 PM - 16:00 PM,IMPA A 15 Dr Kirti Saxena CR-03
578,,,,SSRPB B 15 Dr Ashish Goel CR-04
579,,,16:15 PM - 17:45 PM,EC 16 Dr Ram Kumar Dhurkari CR-04
580,,,18:00 PM - 19:30 PM,BFA 16 Dr Pradipta Patra CR-04
581,,,,SHRM 16 Dr Rinki Dahiya CR-05
582,,,19:45 PM - 21:15 PM,ITST 16 Dr Urvashi Rathod CR-05
583,23/Aug/23,Wednesday,08:30 AM - 10:00 AM,DAR 14 Dr Manish Sarkhel CR-05
584,,,10:15 AM - 11:45 AM,QMSS 15 Dr Narpat Ram Sangwa CR-05
585,,,,SAF 13 Dr Sanjay Pareek CCLab
586,,,12:00 PM - 13:30 PM,BF 15 Dr Kirti Saxena CR-03
587,,,,SM 15 Dr Prafulla Agnihotri CR-04
588,,,14:30 PM - 16:00 PM,TM 15 Dr Parul Malik CR-02
589,,,16:15 PM - 17:45 PM,PM A 14 Dr Siddhesh Joglekar CR-04
590,,,18:00 PM - 19:30 PM,PM C 14 Dr Siddhesh Joglekar CR-04
591,,,19:45 PM - 21:15 PM,PM B 14 Dr Siddhesh Joglekar CR-04
592,24/Aug/23,Thursday,08:30 AM - 10:00 AM,BIDM 15 Dr Ram Kumar Dhurkari CR-04
593,,,,ProjectM 5 Dr Mohita Sharma CR-05
594,,,10:15 AM - 11:45 AM,GLSCM 14 Dr Bhavin Shah CR-05
595,,,,SAF 14 Dr Sanjay Pareek CCLab
596,,,12:00 PM - 13:30 PM,BF 16 Dr Kirti Saxena CR-03
597,,,,SM 16 Dr Prafulla Agnihotri CR-04
598,,,14:30 PM - 16:00 PM,AAOM 15 Dr Neha Sharma CR-04
599,,,,CCW 15 Dr Pragya Bhawsar CR-05
600,,,16:15 PM - 17:45 PM,PM A 15 Dr Siddhesh Joglekar CR-04
601,,,18:00 PM - 19:30 PM,PM C 15 Dr Siddhesh Joglekar CR-04
602,,,19:45 PM - 21:15 PM,PM B 15 Dr Siddhesh Joglekar CR-04
603,25/Aug/23,Friday,08:30 AM - 10:00 AM,BIDM 16 Dr Ram Kumar Dhurkari CR-04
604,,,,ProjectM 6 Dr Mohita Sharma CR-05
605,,,10:15 AM - 11:45 AM,TMOP 15 Dr Parul Malik CCLab
606,,,,IMPA A 16 Dr Kirti Saxena CR-03
607,,,,SSRPB B 16 Dr Ashish Goel CR-04
608,,,12:00 PM - 13:30 PM,TMOP 16 Dr Parul Malik CCLab
609,,,,SSRPB A 16 Dr Ashish Goel CR-04
610,,,,IMPA B 16 Dr Kirti Saxena CR-03
611,,,14:30 PM - 16:00 PM,AAOM 16 Dr Neha Sharma CR-04
612,,,,AMOBPR 15 Dr Rinki Dahiya CCLab
613,,,,CCW 16 Dr Pragya Bhawsar CR-05
614,,,16:15 PM - 17:45 PM,AMOBPR 16 Dr Rinki Dahiya CCLab
615,,,,PPA A 16 Dr Debalina Bera CR-05
616,,,,PM C 16 Dr Siddhesh Joglekar CR-04
617,,,18:00 PM - 19:30 PM,PM A 16 Dr Siddhesh Joglekar CR-04
618,,,,PPA B 16 Dr Debalina Bera CR-05
619,,,19:45 PM - 21:15 PM,PM B 16 Dr Siddhesh Joglekar CR-04
620,26/Aug/23,Saturday,08:30 AM - 10:00 AM,DAR 15 Dr Manish Sarkhel CR-05
621,,,10:15 AM - 11:45 AM,TM 16 Dr Parul Malik CR-02
622,,,12:00 PM - 13:30 PM,GLSCM 15 Dr Bhavin Shah CR-05
623,,,14:30 PM - 16:00 PM,CB A 16 Dr Karthikeyan Balakumar CR-05
624,,,,PM C 17 Dr Siddhesh Joglekar CR-04
625,,,16:15 PM - 17:45 PM,PM A 17 Dr Siddhesh Joglekar CR-04
626,,,,CB B 16 Dr Karthikeyan Balakumar CR-05
627,,,18:00 PM - 19:30 PM,BCE 13 Dr Kaustubh Dhargalkar CR-04
628,,,,TA 15 Dr Vandana CR-03
629,,,19:45 PM - 21:15 PM,BCE 14 Dr Kaustubh Dhargalkar CR-04
630,27/Aug/23,Sunday,08:30 AM - 10:00 AM,
631,,,10:15 AM - 11:45 AM,BCE 15 Dr Kaustubh Dhargalkar CR-04
632,,,,TA 16 Dr Vandana CR-03
633,,,12:00 PM - 13:30 PM,BCE 16 Dr Kaustubh Dhargalkar CR-04
634,,,14:30 PM - 16:00 PM,QMSS 16 Dr Narpat Ram Sangwa CR-05
635,,,16:15 PM - 17:45 PM,
636,,,18:00 PM - 19:30 PM,
637,28/Aug/23,Monday,08:30 AM - 10:00 AM,BFA 17 Dr Pradipta Patra CR-04
638,,,,SHRM 17 Dr Rinki Dahiya CR-05
639,,,10:15 AM - 11:45 AM,ESM 17 Dr Vikrant Kaushal CR-02
640,,,,FSA 17 Dr Amrinder Singh CR-04
641,,,,SAF 15 Dr Sanjay Pareek CCLab
642,,,12:00 PM - 13:30 PM,CB A 17 Dr Karthikeyan Balakumar CR-04
643,,,,PPA B 17 Dr Debalina Bera CR-05
644,,,14:30 PM - 16:00 PM,PPA A 17 Dr Debalina Bera CR-05
645,,,,CB B 17 Dr Karthikeyan Balakumar CR-04
646,,,16:15 PM - 17:45 PM,EC 17 Dr Ram Kumar Dhurkari CR-04
647,,,18:00 PM - 19:30 PM,DAR 16 Dr Manish Sarkhel CR-05
648,,,19:45 PM - 21:15 PM,GLSCM 16 Dr Bhavin Shah CR-05
649,29/Aug/23,Tuesday,08:30 AM - 10:00 AM,IMPA A 17 Dr Kirti Saxena CR-03
650,,,,SSRPB B 17 Dr Ashish Goel CR-04
651,,,10:15 AM - 11:45 AM,SSRPB A 17 Dr Ashish Goel CR-04
652,,,,IMPA B 17 Dr Kirti Saxena CR-03
653,,,12:00 PM - 13:30 PM,CBM 13 Dr Balachandran R CR-04
654,,,,ITST 17 Dr Urvashi Rathod CR-05
655,,,14:30 PM - 16:00 PM,CBM 14 Dr Balachandran R CR-04
656,,,16:15 PM - 17:45 PM,EC 18 Dr Ram Kumar Dhurkari CR-04
657,,,18:00 PM - 19:30 PM,ESM 18 Dr Vikrant Kaushal CR-02
658,,,,FSA 18 Dr Amrinder Singh CR-04
659,,,19:45 PM - 21:15 PM,TA 17 Dr Vandana CR-03
660,30/Aug/23,Wednesday,08:30 AM - 10:00 AM,TM 17 Dr Parul Malik CR-02
661,,,10:15 AM - 11:45 AM,CBM 15 Dr Balachandran R CR-04
662,,,,SAF 16 Dr Sanjay Pareek CCLab
663,,,12:00 PM - 13:30 PM,BF 17 Dr Kirti Saxena CR-03
664,,,,SM 17 Dr Prafulla Agnihotri CR-04
665,,,14:30 PM - 16:00 PM,CBM 16 Dr Balachandran R CR-04
666,,,,ITST 18 Dr Urvashi Rathod CR-05
667,,,16:15 PM - 17:45 PM,PM B 17 Dr Siddhesh Joglekar CR-04
668,,,18:00 PM - 19:30 PM,PM A 18 Dr Siddhesh Joglekar CR-04
669,,,,AMR B 17 Mr Suresh Ramadurai CR-02
670,,,19:45 PM - 21:15 PM,AMR A 17 Mr Suresh Ramadurai CR-02
671,,,,PM C 18 Dr Siddhesh Joglekar CR-04
672,31/Aug/23,Thursday,08:30 AM - 10:00 AM,BIDM 17 Dr Ram Kumar Dhurkari CR-04
673,,,,ProjectM 7 Dr Mohita Sharma CR-05
674,,,10:15 AM - 11:45 AM,SAF 17 Dr Sanjay Pareek CCLab
675,,,,TM 18 Dr Parul Malik CR-02
676,,,12:00 PM - 13:30 PM,BF 18 Dr Kirti Saxena CR-03
677,,,,SM 18 Dr Prafulla Agnihotri CR-04
678,,,14:30 PM - 16:00 PM,AAOM 17 Dr Neha Sharma CR-04
679,,,,CCW 17 Dr Pragya Bhawsar CR-05
680,,,16:15 PM - 17:45 PM,PPA A 18 Dr Debalina Bera CR-05
681,,,,CB B 18 Dr Karthikeyan Balakumar CR-04
682,,,18:00 PM - 19:30 PM,CB A 18 Dr Karthikeyan Balakumar CR-04
683,,,,PPA B 18 Dr Debalina Bera CR-05
684,,,19:45 PM - 21:15 PM,AMR A 18 Mr Suresh Ramadurai CR-02
685,,,,PM C 19 Dr Siddhesh Joglekar CR-04
686,1/Sep/23,Friday,08:30 AM - 10:00 AM,BIDM 18 Dr Ram Kumar Dhurkari CR-04
687,,,,ProjectM 8 Dr Mohita Sharma CR-05
688,,,10:15 AM - 11:45 AM,TMOP 17 Dr Parul Malik CCLab
689,,,,IMPA A 18 Dr Kirti Saxena CR-03
690,,,,SSRPB B 18 Dr Ashish Goel CR-04
691,,,12:00 PM - 13:30 PM,DAR 17 Dr Manish Sarkhel CR-05
692,,,,TMOP 18 Dr Parul Malik CCLab
693,,,14:30 PM - 16:00 PM,AMOBPR 17 Dr Rinki Dahiya CCLab
694,,,,QMSS 17 Dr Narpat Ram Sangwa CR-05
695,,,16:15 PM - 17:45 PM,AMOBPR 18 Dr Rinki Dahiya CCLab
696,,,,SSRPB A 18 Dr Ashish Goel CR-04
697,,,,IMPA B 18 Dr Kirti Saxena CR-03
698,,,18:00 PM - 19:30 PM,AAOM 18 Dr Neha Sharma CR-04
699,,,,CCW 18 Dr Pragya Bhawsar CR-05
700,,,19:45 PM - 21:15 PM,PM A 19 Dr Siddhesh Joglekar CR-04
701,,,,AMR B 18 Mr Suresh Ramadurai CR-02
702,2/Sep/23,Saturday,08:30 AM - 10:00 AM,DAR 18 Dr Manish Sarkhel CR-05
703,,,10:15 AM - 11:45 AM,TM 19 Dr Parul Malik CR-02
704,,,12:00 PM - 13:30 PM,BFA 18 Dr Pradipta Patra CR-04
705,,,,GLSCM 17 Dr Bhavin Shah CR-05
706,,,,SHRM 18 Dr Rinki Dahiya CR-05
707,,,14:30 PM - 16:00 PM,QMSS 18 Dr Narpat Ram Sangwa CR-05
708,,,16:15 PM - 17:45 PM,PM B 18 Dr Siddhesh Joglekar CR-04
709,,,18:00 PM - 19:30 PM,PM A 20 Dr Siddhesh Joglekar CR-04
710,,,,AMR B 19 Mr Suresh Ramadurai CR-02
711,,,19:45 PM - 21:15 PM,AMR A 19 Mr Suresh Ramadurai CR-02
712,,,,PM C 20 Dr Siddhesh Joglekar CR-04
713,3/Sep/23,Sunday,08:30 AM - 10:00 AM,PM B 19 Dr Siddhesh Joglekar CR-04
714,,,10:15 AM - 11:45 AM,PM B 20 Dr Siddhesh Joglekar CR-04
715,,,12:00 PM - 13:30 PM,AMR B 20 Mr Suresh Ramadurai CR-02
716,,,14:30 PM - 16:00 PM,AMR A 20 Mr Suresh Ramadurai CR-02
717,,,16:15 PM - 17:45 PM,
718,,,18:00 PM - 19:30 PM,
719,4/Sep/23,Monday,08:30 AM - 10:00 AM,
720,,,10:15 AM - 11:45 AM,ESM 19 Dr Vikrant Kaushal CR-02
721,,,,FSA 19 Dr Amrinder Singh CR-04
722,,,,SAF 18 Dr Sanjay Pareek CCLab
723,,,12:00 PM - 13:30 PM,CB A 19 Dr Karthikeyan Balakumar CR-04
724,,,,PPA B 19 Dr Debalina Bera CR-05
725,,,14:30 PM - 16:00 PM,PPA A 19 Dr Debalina Bera CR-05
726,,,,CB B 19 Dr Karthikeyan Balakumar CR-04
727,,,16:15 PM - 17:45 PM,EC 19 Dr Ram Kumar Dhurkari CR-04
728,,,18:00 PM - 19:30 PM,BFA 19 Dr Pradipta Patra CR-04
729,,,,SHRM 19 Dr Rinki Dahiya CR-05
730,,,19:45 PM - 21:15 PM,
731,5/Sep/23,Tuesday,08:30 AM - 10:00 AM,IMPA A 19 Dr Kirti Saxena CR-03
732,,,,SSRPB B 19 Dr Ashish Goel CR-04
733,,,10:15 AM - 11:45 AM,SSRPB A 19 Dr Ashish Goel CR-04
734,,,,IMPA B 19 Dr Kirti Saxena CR-03
735,,,12:00 PM - 13:30 PM,CBM 17 Dr Balachandran R CR-04
736,,,,ITST 19 Dr Urvashi Rathod CR-05
737,,,14:30 PM - 16:00 PM,CBM 18 Dr Balachandran R CR-04
738,,,16:15 PM - 17:45 PM,EC 20 Dr Ram Kumar Dhurkari CR-04
739,,,18:00 PM - 19:30 PM,ESM 20 Dr Vikrant Kaushal CR-02
740,,,,FSA 20 Dr Amrinder Singh CR-04
741,,,19:45 PM - 21:15 PM,TA 18 Dr Vandana CR-03
742,6/Sep/23,Wednesday,08:30 AM - 10:00 AM,PPA A 20 FD Dr Debalina Bera CR-05
743,,,,CB B 20 Dr Karthikeyan Balakumar CR-04
744,,,10:15 AM - 11:45 AM,SAF 19 Dr Sanjay Pareek CCLab
745,,,,TM 20 Dr Parul Malik CR-02
746,,,12:00 PM - 13:30 PM,BF 19 Dr Kirti Saxena CR-03
747,,,,SM 19 Dr Prafulla Agnihotri CR-04
748,,,14:30 PM - 16:00 PM,CB A 20 Dr Karthikeyan Balakumar CR-04
749,,,,PPA B 20 FD Dr Debalina Bera CR-05
750,,,16:15 PM - 17:45 PM,GLSCM 18 Dr Bhavin Shah CR-05
751,,,18:00 PM - 19:30 PM,CBM 19 Dr Balachandran R CR-04
752,,,,ITST 20 Dr Urvashi Rathod CR-05
753,,,19:45 PM - 21:15 PM,CBM 20 Dr Balachandran R CR-04
754,7/Sep/23,Thursday,08:30 AM - 10:00 AM,BIDM 19 Dr Ram Kumar Dhurkari CR-04
755,,,,ProjectM 9 Dr Mohita Sharma CR-05
756,,,10:15 AM - 11:45 AM,QMSS 19 Dr Narpat Ram Sangwa CR-05
757,,,,SAF 20 Dr Sanjay Pareek CCLab
758,,,12:00 PM - 13:30 PM,BF 20 Dr Kirti Saxena CR-03
759,,,,SM 20 Dr Prafulla Agnihotri CR-04
760,,,14:30 PM - 16:00 PM,AAOM 19 Dr Neha Sharma CR-04
761,,,,CCW 19 Dr Pragya Bhawsar CR-05
762,,,16:15 PM - 17:45 PM,DAR 19 Dr Manish Sarkhel CR-05
763,,,18:00 PM - 19:30 PM,GLSCM 19 Dr Bhavin Shah CR-05
764,,,19:45 PM - 21:15 PM,
765,8/Sep/23,Friday,08:30 AM - 10:00 AM,BIDM 20 Dr Ram Kumar Dhurkari CR-04
766,,,,ProjectM 10 Dr Mohita Sharma CR-05
767,,,10:15 AM - 11:45 AM,TMOP 19 Dr Parul Malik CCLab
768,,,,IMPA A 20 Dr Kirti Saxena CR-03
769,,,,SSRPB B 20 Dr Ashish Goel CR-04
770,,,12:00 PM - 13:30 PM,BCE 17 Dr Kaustubh Dhargalkar CR-04
771,,,,TA 19 Dr Vandana CR-03
772,,,,TMOP 20 Dr Parul Malik CCLab
773,,,14:30 PM - 16:00 PM,AMOBPR 19 Dr Rinki Dahiya CCLab
774,,,,BCE 18 Dr Kaustubh Dhargalkar CR-04
775,,,16:15 PM - 17:45 PM,AMOBPR 20 Dr Rinki Dahiya CCLab
776,,,,SSRPB A 20 Dr Ashish Goel CR-04
777,,,,IMPA B 20 Dr Kirti Saxena CR-03
778,,,18:00 PM - 19:30 PM,AAOM 20 Dr Neha Sharma CR-04
779,,,,CCW 20 Dr Pragya Bhawsar CR-05
780,,,19:45 PM - 21:15 PM,
781,9/Sep/23,Saturday,08:30 AM - 10:00 AM,GLSCM 20 Dr Bhavin Shah CR-05
782,,,10:15 AM - 11:45 AM,BFA 20 Dr Pradipta Patra CR-04
783,,,,SHRM 20 Dr Rinki Dahiya CR-05
784,,,12:00 PM - 13:30 PM,QMSS 20 Dr Narpat Ram Sangwa CR-05
785,,,14:30 PM - 16:00 PM,
786,,,16:15 PM - 17:45 PM,DAR 20 Dr Manish Sarkhel CR-05
787,,,18:00 PM - 19:30 PM,BCE 19 Dr Kaustubh Dhargalkar CR-04
788,,,,TA 20 Dr Vandana CR-03
789,,,19:45 PM - 21:15 PM,BCE 20 Dr Kaustubh Dhargalkar CR-04
